"requirement_id","requirement","acceptance_ids","status","scope","code","verification"
"R01","Lightweight fast internal application","T23 T28","partial","Local 100-member 20-client HTTP rehearsal measured; deployment performance targets remain unqualified","scripts/load-rehearsal.mjs","Local load report; browser flows"
"R02","Primary administrator controls platform","T01 T02","implemented_local","Admin people cohorts assignments enrolments appeals promotion ledger and AI routing; live contracts pending","app/Services/Administration.php; app/Http/Controllers/AdministrationController.php","AdministrationTest; AiGenerationTest"
"R03","Proxmox and cPanel deployment decision","T22 T28","prepared","VM service Nginx scheduler and backup templates; cPanel qualification checklist; no host deployed","deploy; docs/DEPLOYMENT_PREPARATION.md","Isolated restore rehearsal"
"R04","Mandatory MFA and shared internal SSO","T02 T03","mocked","Synthetic identity harness; live OIDC and MFA pending","app/Services/MockIdentity.php","FoundationTest"
"R05","Secure API for primary AI platform questions","T01 T02 T03","mocked","Scoped approved-fact serializer and no-store feed; real delegated verifier unavailable","app/Services/ApprovedFeed.php; app/Http/Controllers/SandboxApiController.php","IntegrationBoundaryTest; FoundationTest"
"R06","Coordinators assigned to groups and members","T01 T03","implemented_local","Effective assignments accountable coordinator and management UI","app/Services/Administration.php; app/Services/Access.php","AdministrationTest; FoundationTest"
"R07","Import and synchronise primary platform members","T13","mocked","Atomic directory pages cursor ledger version ordering tombstones and revocation; live contract pending","app/Services/SandboxDirectory.php","IntegrationBoundaryTest; FoundationTest"
"R08","Manually create members with optional sync","T04 T14","implemented_local","Manual person UI; real-only promotion preparation and original-key reconciliation contract; history export separately authorised","app/Services/Administration.php; app/Services/Promotions.php","AdministrationTest"
"R09","Isolate test members and testing integrations","T05","partial","Test environment and external exclusion enforced; live connectors pending","app/Services/Access.php","FoundationTest"
"R10","Resumable role and goal onboarding wizard","T06 T24","implemented_local","Server-side versioned drafts and autosave with conflict recovery","app/Services/Onboarding.php; public/learning.js","LearningTest; learning.spec.js"
"R11","Upload and interpret third party assessments","T15 T18","partial","Manual findings confirmation; quarantined files and bounded scanner adapter; live scan qualification and OCR extraction pending","app/Services/Onboarding.php; app/Services/FileScanning.php","LearningTest; NotificationAndScanTest"
"R12","Target role purpose and competency outcomes","T06 T20 T25","implemented_local","Versioned targets comparable observations sufficient-sample snapshots and human completion","app/Services/Kpis.php; app/Services/LearningLifecycle.php","ProgressionTest; PilotWorkflowTest"
"R13","AI generated personalised usable training","T06 T15","partial","Queued validated curriculum drafts; deterministic synthetic demo and two HTTP adapters; live personalisation and calibration pending","app/Services/Ai/Generation.php; app/Services/Ai/BlockContract.php","AiGenerationTest; AiProviderTest; learning.spec.js"
"R14","Switch providers and select models by task","T16 T25","implemented_local","All four task routes execute through pinned gateway; two provider adapters plus mock; live qualification pending","app/Services/Ai/TaskGateway.php; app/Services/Ai/Registry.php","DeliveryTest; ProgressionTest; AiProviderTest"
"R15","Coordinator edits notes AI feedback and approval","T06 T17","partial","Revision notes bound to queued drafts; immutable edits and exact human approval; mock records but does not interpret feedback","app/Services/LearningPlans.php; app/Services/Ai/Generation.php","LearningTest; AiGenerationTest; learning.spec.js"
"R16","Programmes of 4 6 8 10 or 12 weeks","T09 T10","implemented_local","All five durations and N-plus-two target range enforced","app/Services/Onboarding.php; app/Services/Progression.php","LearningTest; ProgressionTest"
"R17","15 to 120 minute daily commitment","T10 T11","implemented_local","All workload components count; shared member allocations checked under row lock","app/Services/LearningPlans.php; app/Services/LearningCalendar.php","LearningTest; CapacityConcurrencyTest"
"R18","Member login training and submissions","T17 T24","implemented_local","Activation dated lesson preview early start saved drafts immutable submissions and receipts","app/Services/Delivery.php; resources/views/delivery","DeliveryTest; learning.spec.js"
"R19","AI grades submissions provisionally","T15 T19","implemented_local","Evidence-grounded provisional grading and deterministic quizzes; missing evidence not zero; mock not calibration","app/Services/Grading.php; app/Services/ObjectiveQuizzes.php; app/Services/Ai/TaskGateway.php","DeliveryTest; PilotWorkflowTest"
"R20","SMTP coordinator notifications","T21","implemented_local","Minimal-link SMTP boundary; synthetic sink opt-out bounded explicit rejection retries and ambiguous holds; live delivery pending","app/Services/LearningNotices.php","NotificationAndScanTest; DeliveryTest"
"R21","Coordinator reviews approves or requests regrade","T17 T19","implemented_local","Exact-version decisions overrides regrades immutable history and alternate appeals","app/Services/Grading.php","DeliveryTest; PilotWorkflowTest; learning.spec.js"
"R22","Week results improve future training","T07 T08 T09","implemented_local","Approved source grades drive provisional future teaching replacements with human review","app/Services/Progression.php","ProgressionTest"
"R23","Maintain two weeks ready and adapt N plus 2","T07 T08","implemented_local","Complete baseline required; N+2 selection exact freeze early-start locks next eligible or final support","app/Services/Progression.php; app/Services/Delivery.php","ProgressionTest; DeliveryTest"
"R24","Define what KPIs measure and why","T20","implemented_local","Effective-dated formulas units targets baselines rationale direction and sample rules","app/Services/Kpis.php","ProgressionTest; PilotWorkflowTest"
"R25","Show KPI updates against targets","T19 T20","implemented_local","Official observations retain decision rubric and submission lineage; insufficient evidence distinct from zero","app/Services/Kpis.php; resources/views/delivery/progress.blade.php","ProgressionTest; PilotWorkflowTest"
"R26","Capacity-aware suggestions for KPI shortfalls","T11 T20","implemented_local","Source-pinned suggestions cannot change targets or allocated capacity","app/Services/Progression.php","ProgressionTest"
"R27","Autopilot local files without approval pauses","T26 T27","applied","Scoped local implementation; supplied specification preserved","../AGENT.md",""
"R28","Versioned approvals evidence and audit","T06 T17 T30","implemented_local","Versioned submissions grade attempts decisions KPI snapshots adaptations and calendar changes","app/Services/Grading.php; app/Services/Progression.php; app/Services/LearningLifecycle.php","DeliveryTest; ProgressionTest"
"R29","Idempotent events outbox and reconciliation","T13 T14 T30","implemented_local","Outbox inbound page cursors promotion ambiguity and scoped feed ledger; live adapters pending","app/Services/Promotions.php; app/Services/ApprovedFeed.php; app/Services/SandboxDirectory.php","AdministrationTest; IntegrationBoundaryTest; WorkerConcurrencyTest"
"R30","Private file access and malicious content isolation","T01 T18","partial","Private scoped files quarantine ClamAV adapter DOCX inspection; scanner and host qualification pending","app/Services/FileScanning.php; app/Services/Access.php","NotificationAndScanTest; FoundationTest"
"R31","Approved facts only to primary platform by default","T19","implemented_local","Approved minimal facts only; synthetic/local-only/history gates and current permissions filter before pagination","app/Services/ApprovedFeed.php","IntegrationBoundaryTest; DeliveryTest"
"R32","Privacy retention and erasure lifecycle","T29","partial","Evidence-object retention dry-run holds durable deletion replay and terminal AI trace pruning; full subject erasure policy pending","app/Services/Operations.php; app/Services/Ai/Generation.php","OperationsTest; restore-drill.php"
"R33","Provider cost controls bounded retry and fallback","T16 T30","implemented_local","Transactional lifetime caps and reservations; known usage reconciliation; ambiguous charge holds; bounded repair throttling and explicit fallback; live qualification pending","app/Services/Ai/Generation.php; app/Services/Ai/Transport.php","AiGenerationTest; AiProviderTest; AiConcurrencyTest"
"R34","Capacity across programmes leave and timezone","T11 T12","implemented_local","Shared capacity and versioned pause resume previews preserve started work and reservation history","app/Services/LearningLifecycle.php","ProgressionTest; CapacityConcurrencyTest"
"R35","Member appeal resubmit and fair review","T17 T25","implemented_local","Withdraw resubmit regrade appeal and administrator assignment of alternate reviewer","app/Services/Grading.php; app/Services/Administration.php","DeliveryTest"
"R36","Backup restore and operational observability","T22 T23","prepared","Operational heartbeats health metadata encrypted backup templates and executed isolated SQLite restore; production restore pending","app/Services/Operations.php; scripts/restore-drill.php; deploy","OperationsTest; local restore report"
"R37","Accessibility mobile autosave and receipts","T24","partial","Mobile autosave conflict recovery receipts and reviewed feedback exercised; automated WCAG 2.2 checks; manual screen-reader audit pending","resources/views/delivery; public/work.js","learning.spec.js; foundation.spec.js"
"R38","Real local-only members remain in local reports","T04 T05","implemented_local","Real local-only people retained in scoped local enrolment and progress views; excluded from external feed","app/Services/Access.php; app/Services/ApprovedFeed.php","FoundationTest; IntegrationBoundaryTest"
"R39","Actual lessons not only a training outline","T06 T15","implemented_local","Usable dated lessons resources practical activities quizzes and submissions; live quality calibration pending","app/Services/Delivery.php; resources/views/delivery","DeliveryTest; PilotWorkflowTest; learning.spec.js"
"R40","All eleven Archify diagrams and truthful checks","T26 T27","existing_partial","Original diagram suite unchanged: seven delivered; four blocked","../archify-upskilling-20260929-181205/VALIDATION_REPORT.md","Historical design receipts only"
